{
  "tag": "eval-025-smoke",
  "harness_mode": "ab",
  "harness_version": 2,
  "lessons_version": "cog016",
  "task_count": 5,
  "trial_count": 10,
  "model": "claude-haiku-4-5",
  "judge_model": "claude-sonnet-4-5,together:meta-llama/Llama-3.3-70B-Instruct-Turbo",
  "judge_threshold": 0.5,
  "by_cell": {
    "A": {
      "n": 5,
      "is_correct": {
        "passes": 2,
        "rate": 0.4,
        "ci_95": [
          0.1176182311592533,
          0.769280067791163
        ]
      },
      "did_attempt": {
        "passes": 5,
        "rate": 1.0,
        "ci_95": [
          0.5655085052479191,
          1.0
        ]
      },
      "hallucinated_tools": {
        "count": 0,
        "rate": 0.0,
        "ci_95": [
          0.0,
          0.43449149475208104
        ]
      },
      "mean_judge_score": 0.4
    },
    "B": {
      "n": 5,
      "is_correct": {
        "passes": 2,
        "rate": 0.4,
        "ci_95": [
          0.1176182311592533,
          0.769280067791163
        ]
      },
      "did_attempt": {
        "passes": 4,
        "rate": 0.8,
        "ci_95": [
          0.3755282641185388,
          0.9637768390302125
        ]
      },
      "hallucinated_tools": {
        "count": 0,
        "rate": 0.0,
        "ci_95": [
          0.0,
          0.43449149475208104
        ]
      },
      "mean_judge_score": 0.4
    }
  },
  "deltas": {
    "is_correct": {
      "delta": 0.0,
      "a_rate": 0.4,
      "a_ci": [
        0.1176182311592533,
        0.769280067791163
      ],
      "b_rate": 0.4,
      "b_ci": [
        0.1176182311592533,
        0.769280067791163
      ],
      "cis_overlap": true,
      "interpretation": "within noise band \u2014 do NOT cite as a finding"
    },
    "did_attempt": {
      "delta": 0.19999999999999996,
      "a_rate": 1.0,
      "a_ci": [
        0.5655085052479191,
        1.0
      ],
      "b_rate": 0.8,
      "b_ci": [
        0.3755282641185388,
        0.9637768390302125
      ],
      "cis_overlap": true,
      "interpretation": "within noise band \u2014 do NOT cite as a finding"
    },
    "hallucinated_tools": {
      "delta": 0.0,
      "a_rate": 0.0,
      "a_ci": [
        0.0,
        0.43449149475208104
      ],
      "b_rate": 0.0,
      "b_ci": [
        0.0,
        0.43449149475208104
      ],
      "cis_overlap": true,
      "interpretation": "within noise band \u2014 do NOT cite as a finding"
    }
  },
  "inter_judge_agreement": {
    "judges": [
      "claude-sonnet-4-5",
      "together:meta-llama/Llama-3.3-70B-Instruct-Turbo"
    ],
    "trial_agreement_rate": 1.0,
    "per_judge_pass_rate": {
      "claude-sonnet-4-5": 0.4,
      "together:meta-llama/Llama-3.3-70B-Instruct-Turbo": 0.4
    },
    "note": "trial_agreement_rate < 0.80 means judges meaningfully disagree. Median verdict (used in `deltas`) is more robust than any single."
  },
  "interpretation_note": "deltas with cis_overlap=True are WITHIN sampling noise. Do not cite as findings. Run with larger n or rerun the A/A control to measure your noise floor first."
}