{
  "tag": "eval-025-reflection-cog016-n100",
  "harness_mode": "ab",
  "harness_version": 2,
  "lessons_version": "cog016",
  "task_count": 100,
  "trial_count": 200,
  "model": "claude-haiku-4-5",
  "judge_model": "claude-sonnet-4-5,together:meta-llama/Llama-3.3-70B-Instruct-Turbo",
  "judge_threshold": 0.5,
  "by_cell": {
    "A": {
      "n": 100,
      "is_correct": {
        "passes": 53,
        "rate": 0.53,
        "ci_95": [
          0.4328868313724773,
          0.6248934801789626
        ]
      },
      "did_attempt": {
        "passes": 99,
        "rate": 0.99,
        "ci_95": [
          0.9455124752390652,
          0.9982326134344527
        ]
      },
      "hallucinated_tools": {
        "count": 0,
        "rate": 0.0,
        "ci_95": [
          0.0,
          0.03699480747600191
        ]
      },
      "mean_judge_score": 0.469
    },
    "B": {
      "n": 100,
      "is_correct": {
        "passes": 51,
        "rate": 0.51,
        "ci_95": [
          0.4134784047743415,
          0.6057816990761385
        ]
      },
      "did_attempt": {
        "passes": 98,
        "rate": 0.98,
        "ci_95": [
          0.9299868370580063,
          0.9944981477650318
        ]
      },
      "hallucinated_tools": {
        "count": 1,
        "rate": 0.01,
        "ci_95": [
          0.001767386565547261,
          0.0544875247609346
        ]
      },
      "mean_judge_score": 0.455
    }
  },
  "deltas": {
    "is_correct": {
      "delta": 0.020000000000000018,
      "a_rate": 0.53,
      "a_ci": [
        0.4328868313724773,
        0.6248934801789626
      ],
      "b_rate": 0.51,
      "b_ci": [
        0.4134784047743415,
        0.6057816990761385
      ],
      "cis_overlap": true,
      "interpretation": "within noise band \u2014 do NOT cite as a finding"
    },
    "did_attempt": {
      "delta": 0.010000000000000009,
      "a_rate": 0.99,
      "a_ci": [
        0.9455124752390652,
        0.9982326134344527
      ],
      "b_rate": 0.98,
      "b_ci": [
        0.9299868370580063,
        0.9944981477650318
      ],
      "cis_overlap": true,
      "interpretation": "within noise band \u2014 do NOT cite as a finding"
    },
    "hallucinated_tools": {
      "delta": -0.01,
      "a_rate": 0.0,
      "a_ci": [
        0.0,
        0.03699480747600191
      ],
      "b_rate": 0.01,
      "b_ci": [
        0.001767386565547261,
        0.0544875247609346
      ],
      "cis_overlap": true,
      "interpretation": "within noise band \u2014 do NOT cite as a finding"
    }
  },
  "inter_judge_agreement": {
    "judges": [
      "claude-sonnet-4-5",
      "together:meta-llama/Llama-3.3-70B-Instruct-Turbo"
    ],
    "trial_agreement_rate": 0.855,
    "per_judge_pass_rate": {
      "claude-sonnet-4-5": 0.47,
      "together:meta-llama/Llama-3.3-70B-Instruct-Turbo": 0.495
    },
    "note": "trial_agreement_rate < 0.80 means judges meaningfully disagree. Median verdict (used in `deltas`) is more robust than any single."
  },
  "interpretation_note": "deltas with cis_overlap=True are WITHIN sampling noise. Do not cite as findings. Run with larger n or rerun the A/A control to measure your noise floor first."
}