{
  "tag": "eval-076-haiku45-neuromod-rerun",
  "harness_mode": "ab",
  "harness_version": 2,
  "lessons_version": "cog016",
  "distractor": "",
  "mitigation": "none",
  "task_count": 50,
  "trial_count": 100,
  "model": "claude-haiku-4-5",
  "judge_model": "claude-sonnet-4-5,together:meta-llama/Llama-3.3-70B-Instruct-Turbo",
  "judge_threshold": 0.5,
  "by_cell": {
    "A": {
      "n": 50,
      "is_correct": {
        "passes": 25,
        "rate": 0.5,
        "ci_95": [
          0.36644286412332855,
          0.6335571358766714
        ]
      },
      "did_attempt": {
        "passes": 50,
        "rate": 1.0,
        "ci_95": [
          0.9286499658256813,
          1.0
        ]
      },
      "hallucinated_tools": {
        "count": 0,
        "rate": 0.0,
        "ci_95": [
          0.0,
          0.07135003417431873
        ]
      },
      "mean_judge_score": 0.45399999999999996
    },
    "B": {
      "n": 50,
      "is_correct": {
        "passes": 34,
        "rate": 0.68,
        "ci_95": [
          0.5418944286372394,
          0.792419559060006
        ]
      },
      "did_attempt": {
        "passes": 49,
        "rate": 0.98,
        "ci_95": [
          0.8950431352816304,
          0.9964608319110235
        ]
      },
      "hallucinated_tools": {
        "count": 0,
        "rate": 0.0,
        "ci_95": [
          0.0,
          0.07135003417431873
        ]
      },
      "mean_judge_score": 0.606
    }
  },
  "deltas": {
    "is_correct": {
      "delta": -0.18000000000000005,
      "a_rate": 0.5,
      "a_ci": [
        0.36644286412332855,
        0.6335571358766714
      ],
      "b_rate": 0.68,
      "b_ci": [
        0.5418944286372394,
        0.792419559060006
      ],
      "cis_overlap": true,
      "interpretation": "within noise band \u2014 do NOT cite as a finding"
    },
    "did_attempt": {
      "delta": 0.020000000000000018,
      "a_rate": 1.0,
      "a_ci": [
        0.9286499658256813,
        1.0
      ],
      "b_rate": 0.98,
      "b_ci": [
        0.8950431352816304,
        0.9964608319110235
      ],
      "cis_overlap": true,
      "interpretation": "within noise band \u2014 do NOT cite as a finding"
    },
    "hallucinated_tools": {
      "delta": 0.0,
      "a_rate": 0.0,
      "a_ci": [
        0.0,
        0.07135003417431873
      ],
      "b_rate": 0.0,
      "b_ci": [
        0.0,
        0.07135003417431873
      ],
      "cis_overlap": true,
      "interpretation": "within noise band \u2014 do NOT cite as a finding"
    }
  },
  "inter_judge_agreement": {
    "judges": [
      "claude-sonnet-4-5",
      "together:meta-llama/Llama-3.3-70B-Instruct-Turbo"
    ],
    "trial_agreement_rate": 0.67,
    "per_judge_pass_rate": {
      "claude-sonnet-4-5": 0.49,
      "together:meta-llama/Llama-3.3-70B-Instruct-Turbo": 0.6
    },
    "note": "trial_agreement_rate < 0.80 means judges meaningfully disagree. Median verdict (used in `deltas`) is more robust than any single."
  },
  "harness_checkpoint": {
    "git_sha": "4269455b29f478e4a91a21405d15cfda7c7bbc39",
    "env_fingerprint": {
      "ANTHROPIC_API_KEY": "sk-ant-a\u2026",
      "CHUMP_LESSONS_AT_SPAWN_N": "",
      "CHUMP_LESSONS_OPT_IN_MODELS": "",
      "CHUMP_LESSONS_TASK_AWARE": "",
      "OLLAMA_BASE": "",
      "OLLAMA_JUDGE_KEEP_ALIVE": "",
      "OPENAI_API_KEY": "not-need\u2026",
      "TOGETHER_API_KEY": "tgp_v1_W\u2026"
    },
    "lessons_block_hash": "f8b67ab1402e81a9605aa970d80b5342ad7716bb506a5ba3c45fa60c48dd8fcf",
    "lessons_version": "cog016",
    "judge_panel_hash": "9f1e1b0e9eacb82fd2ac5442d836cd85b419e4b50d49bb4f306fc1ed85c837fd",
    "judge_panel": [
      "claude-sonnet-4-5",
      "together:meta-llama/Llama-3.3-70B-Instruct-Turbo"
    ],
    "retry_config_hash": "74732bc52f9652bf0ad286455a930b0fdae1af6fc59a0ac7bf6eb6ef1fa6f1f2",
    "retry_config": {
      "anthropic_max_attempts": 6,
      "together_max_attempts": 7,
      "ollama_max_attempts": 3,
      "together_backoff_formula": "2**(attempt+1)",
      "anthropic_backoff_formula": "2**(attempt+1)"
    },
    "dispatch_table_hash": "3b0b4b59d5589ffae53d2a5dcfe9a3f227ed971e466caf45dce16a9685742655",
    "dispatch_table": {
      "together:": "call_together",
      "ollama:": "call_ollama",
      "(bare)": "call_anthropic"
    }
  },
  "interpretation_note": "deltas with cis_overlap=True are WITHIN sampling noise. Do not cite as findings. Run with larger n or rerun the A/A control to measure your noise floor first."
}